id;username;password;full_name;phone_number;email;status;gender
1;Assistant;Market;program payment User-friendly;Team-oriented;Noble61@gmail.com;true;NAM
2;experiences;Sahara;Kong deposit;indexing Ball;Hazle_Rutherford95@gmail.com;false;KHAC
3;online;JBOD;Progressive;intelligence;Aylin.Bins@hotmail.com;true;NU
4;invoice copying protocol;deposit digital Compatible;Kids;Peso;Olen67@hotmail.com;true;NU
5;Chair Directives;Loan Lead;RSS COM;Court Loan Rustic;Mossie82@gmail.com;false;NU
6;Berkshire;Georgia;override;deposit Horizontal;Levi.Lemke@hotmail.com;true;KHAC
7;Dam Liaison overriding;technologies;Sausages;Via;River_Farrell43@hotmail.com;false;NAM
8;up gold;Fall;International;Electronics;Bernhard_Bahringer28@hotmail.com;true;NU
9;overriding;wireless up;Open-source parsing Ramp;Human New;Pablo_Leannon@hotmail.com;true;NU
10;Chief system-worthy;Global scale Jewelery;bypass Frozen;Carolina;Myrna_Reinger78@yahoo.com;false;NU
