id;title;content;description;status;created_date
1;Singapore Mexico;Tasty action-items;Hat;true;2023-08-07
2;24/7 Generic;overriding Guadeloupe;New Isle;true;2023-08-07
3;Dinar Fully-configurable;Suriname system compress;explicit;true;2023-08-07
4;enterprise PCI Home;Shoes;plum withdrawal Sleek;true;2023-08-07
5;Wooden;navigate generate;transform;false;2023-08-07
6;withdrawal Paradigm;calculate Home;bandwidth Fundamental redefine;true;2023-08-07
7;Qatari Fish redundant;SQL generate Rhode;Avon Gateway deposit;true;2023-08-08
8;metrics Administrator bypassing;payment Cross-group;Optional;true;2023-08-07
9;Corner;program New;Solutions;true;2023-08-08
10;Kids;copy;Bedfordshire metrics;true;2023-08-07
